line,gene,is_ATP_gene
Line 1,ycce family protein,FALSE
Line 1,ftsp,FALSE
Line 1,purc,TRUE
Line 1,nicotinamide mononucleotide deamidase-related protein yfay,FALSE
Line 1,pept,FALSE
Line 1,yfhm,FALSE
Line 1,dapd,FALSE
Line 1,qseb,FALSE
Line 1,rcsc,TRUE
Line 1,duf1998 domain-containing protein,FALSE
Line 1,mscm,FALSE
Line 1,nudf,FALSE
Line 1,ptsp,FALSE
Line 1,purh,FALSE
Line 1,srmb,FALSE
Line 1,ygfz,FALSE
Line 1,hyfh,FALSE
Line 1,3-phenylpropionate mfs transporter,FALSE
Line 1,acea,FALSE
Line 1,acef,FALSE
Line 1,acetyl-coa c-acetyltransferase,FALSE
Line 1,acna,FALSE
Line 1,acyl coa:acetate/3-ketoacid coa transferase,FALSE
Line 1,agar,FALSE
Line 1,ahr,FALSE
Line 1,aldose 1-epimerase,FALSE
Line 1,alld,FALSE
Line 1,alsa,FALSE
Line 1,aminopeptidase,FALSE
Line 1,antibiotic biosynthesis monooxygenase,FALSE
Line 1,aspartate-semialdehyde dehydrogenase,FALSE
Line 1,bamb,FALSE
Line 1,bamc,FALSE
Line 1,bett,FALSE
Line 1,caia,FALSE
Line 1,carboxymuconolactone decarboxylase family protein,FALSE
Line 1,crl,FALSE
Line 1,csda,FALSE
Line 1,cusa,FALSE
Line 1,cyob,FALSE
Line 1,cytochrome o ubiquinol oxidase subunit iii,FALSE
Line 1,dape,FALSE
Line 1,dcp,FALSE
Line 1,ddla,TRUE
Line 1,deob,FALSE
Line 1,diguanylate cyclase,FALSE
Line 1,ding,FALSE
Line 1,dmt family transporter,FALSE
Line 1,dnax,FALSE
Line 1,duf2500 domain-containing protein,FALSE
Line 1,duf2502 domain-containing protein,FALSE
Line 1,duf2773 domain-containing bactofilin,FALSE
Line 1,duf853 domain-containing protein,FALSE
Line 1,ebga,FALSE
Line 1,ef2563 family selenium-dependent molybdenum hydroxylase system protein,FALSE
Line 1,emra,FALSE
Line 1,epmb,FALSE
Line 1,epta,FALSE
Line 1,era,FALSE
Line 1,eutb,FALSE
Line 1,eutr,FALSE
Line 1,euts,FALSE
Line 1,exut,FALSE
Line 1,fad-binding oxidoreductase,FALSE
Line 1,fdng,FALSE
Line 1,feab,FALSE
Line 1,fepc,FALSE
Line 1,fimbrial biogenesis usher protein,FALSE
Line 1,fimbrial protein,FALSE
Line 1,fimbrial protein,FALSE
Line 1,fldb,FALSE
Line 1,flotillin family protein,FALSE
Line 1,frda,FALSE
Line 1,fsr,FALSE
Line 1,fsr,FALSE
Line 1,ftse,FALSE
Line 1,fuck,TRUE
Line 1,fuco,FALSE
Line 1,fumc,FALSE
Line 1,glrr,FALSE
Line 1,glucarate dehydratase-related protein,FALSE
Line 1,glycoside hydrolase family 25 protein,FALSE
Line 1,gntp,FALSE
Line 1,gspj,FALSE
Line 1,gspo,FALSE
Line 1,gudp,FALSE
Line 1,hemx,FALSE
Line 1,hsca,TRUE
Line 1,hsdm,FALSE
Line 1,htpg,FALSE
Line 1,hupb,FALSE
Line 1,hydrolase,FALSE
Line 1,hyfc,FALSE
Line 1,hyfg,FALSE
Line 1,integrase arm-type dna-binding domain-containingprotein,FALSE
Line 1,is3 family transposase,FALSE
Line 1,isph,FALSE
Line 1,kbaz,FALSE
Line 1,kbp,FALSE
Line 1,kef family k(+) transporter,FALSE
Line 1,laci family dna-binding transcriptional regulator,FALSE
Line 1,lacz,FALSE
Line 1,lexa,FALSE
Line 1,lysc,TRUE
Line 1,maea,FALSE
Line 1,male,FALSE
Line 1,malk,FALSE
Line 1,malk,FALSE
Line 1,mdta,FALSE
Line 1,mdtn,FALSE
Line 1,mfs transporter,FALSE
Line 1,mltd,FALSE
Line 1,mltd,FALSE
Line 1,muth,FALSE
Line 1,muts,FALSE
Line 1,n-acetyltransferase,FALSE
Line 1,nadk,TRUE
Line 1,norr,FALSE
Line 1,nusa,FALSE
Line 1,ompt,FALSE
Line 1,paob,FALSE
Line 1,parb/repb/spo0j family partition protein,FALSE
Line 1,pdxa,FALSE
Line 1,pfka,TRUE
Line 1,plda,FALSE
Line 1,pmba,FALSE
Line 1,protein serac1,FALSE
Line 1,prox,FALSE
Line 1,psie,FALSE
Line 1,pts system eiic permease component,FALSE
Line 1,purl,TRUE
Line 1,purr,FALSE
Line 1,puta,FALSE
Line 1,reca,FALSE
Line 1,recj,FALSE
Line 1,rhodanese-like domain-containing protein,FALSE
Line 1,rodz,FALSE
Line 1,rplc,FALSE
Line 1,rpob,FALSE
Line 1,sbcc,FALSE
Line 1,skp,FALSE
Line 1,slyb,FALSE
Line 1,smdb family multidrug efflux abc transporter permease/atp-binding protein,FALSE
Line 1,spec,FALSE
Line 1,sufd,FALSE
Line 1,sure,FALSE
Line 1,taub,FALSE
Line 1,thih,FALSE
Line 1,threonine/serine exporter,FALSE
Line 1,tkt,FALSE
Line 1,tsx,FALSE
Line 1,tyra,FALSE
Line 1,uracil/xanthine transporter,FALSE
Line 1,uvra,FALSE
Line 1,uxab,FALSE
Line 1,vals,TRUE
Line 1,wzc,TRUE
Line 1,ydbh family protein,FALSE
Line 1,ydiy family protein,FALSE
Line 1,ydjg,FALSE
Line 1,yeae,FALSE
Line 1,yfhl,FALSE
Line 1,yggf,FALSE
Line 1,yqhc,FALSE
Line 1,cdd,FALSE
Line 1,yohk,FALSE
Line 10,cyaa,TRUE
Line 10,prepilin-type n-terminal cleavage/methylation domain-containing protein,FALSE
Line 10,type vi secretion system tip protein vgrg,FALSE
Line 10,mnmc,FALSE
Line 10,hypothetical protein,FALSE
Line 10,duf2544 domain-containing protein,FALSE
Line 10,pola,FALSE
Line 10,autotransporter outer membrane beta-barrel domain-containing protein,FALSE
Line 10,glycosyltransferase family 9 protein,FALSE
Line 10,yiiq family protein,FALSE
Line 10,cait,FALSE
Line 10,tyrosine-type recombinase/integrase,FALSE
Line 10,nupc/nupg family nucleoside cnt transporter,FALSE
Line 10,nth,FALSE
Line 10,hcab,FALSE
Line 10,pgac,FALSE
Line 10,protein phosphatase 2c domain-containing protein,FALSE
Line 10,polb,FALSE
Line 10,evgs,TRUE
Line 10,garl,FALSE
Line 10,naph,FALSE
Line 10,chez,FALSE
Line 10,wzzb,FALSE
Line 10,porin,FALSE
Line 10,trkg,FALSE
Line 10,hypothetical protein,FALSE
Line 10,lysr family transcriptional regulator,FALSE
Line 10,phor,TRUE
Line 10,fimbrial protein,FALSE
Line 10,lysr family transcriptional regulator,FALSE
Line 10,mdtb,FALSE
Line 10,mfs transporter,FALSE
Line 10,icd,FALSE
Line 10,mglc,FALSE
Line 10,opgb,FALSE
Line 10,puru,FALSE
Line 10,fumc,FALSE
Line 10,yfal,FALSE
Line 10,ecpd,FALSE
Line 10,nuof,FALSE
Line 10,phet,TRUE
Line 10,asps,TRUE
Line 10,dnae,FALSE
Line 10,lysp,FALSE
Line 10,mipa,FALSE
Line 10,tgt,FALSE
Line 10,wcac,FALSE
Line 10,aldo/keto reductase family oxidoreductase,FALSE
Line 10,polb,FALSE
Line 10,rodz,FALSE
Line 10,deob,FALSE
Line 10,mhpr,FALSE
Line 10,yghd,FALSE
Line 10,ag43,FALSE
Line 10,4-hydroxyphenylacetate degradation bifunctional isomerase/decarboxylase,FALSE
Line 10,acef,FALSE
Line 10,adenine methyltransferase,FALSE
Line 10,ag43,FALSE
Line 10,aldo/keto reductase family oxidoreductase,FALSE
Line 10,araf,FALSE
Line 10,arna,FALSE
Line 10,carboxymuconolactone decarboxylase family protein,FALSE
Line 10,ccmc,FALSE
Line 10,chaa,FALSE
Line 10,cmob,FALSE
Line 10,csid,FALSE
Line 10,cyob,FALSE
Line 10,dhar,FALSE
Line 10,dld,FALSE
Line 10,duf2300 domain-containing protein,FALSE
Line 10,emra,FALSE
Line 10,emta,FALSE
Line 10,eutg,FALSE
Line 10,fabd,FALSE
Line 10,fhue,FALSE
Line 10,flhb,FALSE
Line 10,glpa,FALSE
Line 10,glsa,FALSE
Line 10,hsca,TRUE
Line 10,htpg,FALSE
Line 10,hype,TRUE
Line 10,hypothetical protein,FALSE
Line 10,hypothetical protein,FALSE
Line 10,hypothetical protein,FALSE
Line 10,hypothetical protein,FALSE
Line 10,lacy,FALSE
Line 10,ldtd,FALSE
Line 10,malx,FALSE
Line 10,multidrug efflux rnd transporter permease subunit,FALSE
Line 10,naga,FALSE
Line 10,napa,FALSE
Line 10,napf,FALSE
Line 10,ndh,FALSE
Line 10,ndh,FALSE
Line 10,nuon,FALSE
Line 10,pagp,FALSE
Line 10,panb,FALSE
Line 10,pbga,FALSE
Line 10,pepb,FALSE
Line 10,pflb,FALSE
Line 10,phage baseplate assembly protein v,FALSE
Line 10,phage tail sheath protein,FALSE
Line 10,purl,TRUE
Line 10,pykf,TRUE
Line 10,rbn,FALSE
Line 10,recj,FALSE
Line 10,sbcc,FALSE
Line 10,ssea,FALSE
Line 10,tam,FALSE
Line 10,thii,FALSE
Line 10,tkt,FALSE
Line 10,tsx,FALSE
Line 10,type 1 fimbrial protein,FALSE
Line 10,tyrosine-type recombinase/integrase,FALSE
Line 10,udk,TRUE
Line 10,vwa domain-containing protein,FALSE
Line 10,wcab,FALSE
Line 10,wcac,FALSE
Line 10,ycho,FALSE
Line 10,ydbh family protein,FALSE
Line 10,yeej,FALSE
Line 10,yegi,FALSE
Line 10,yfcz/yiis family protein,FALSE
Line 10,yfdv,FALSE
Line 10,ygah,FALSE
Line 10,yhdp,FALSE
Line 10,hypothetical protein,FALSE
Line 10,argp,FALSE
Line 10,cpsg,FALSE
Line 10,manb,FALSE
Line 10,manc,FALSE
Line 10,insb14/a14,FALSE
Line 10,wbbd,FALSE
Line 10,wbbc,FALSE
Line 10,wzy,FALSE
Line 10,wbbb,FALSE
Line 10,wbba,FALSE
Line 10,viob,FALSE
Line 10,vioa,FALSE
Line 10,wzx,FALSE
Line 10,rmlc,FALSE
Line 10,rfba,FALSE
Line 10,rfbd,FALSE
Line 10,rfbb,FALSE
Line 10,galf,FALSE
Line 10,wcam,FALSE
Line 10,wcal,FALSE
Line 10,wcak,FALSE
Line 10,wzxc,FALSE
Line 10,wcaj,FALSE
Line 10,cdd,FALSE
Line 10,yohk,FALSE
Line 2,putative frv operon regulatory protein,FALSE
Line 2,clcb,FALSE
Line 2,deob,FALSE
Line 2,duf1479 domain-containing protein,FALSE
Line 2,trxc,FALSE
Line 2,ychh,FALSE
Line 2,ftsk,FALSE
Line 2,yijd family membrane protein,FALSE
Line 2,lacz,FALSE
Line 2,lola,FALSE
Line 2,phage portal protein,FALSE
Line 2,fad-dependent oxidoreductase,FALSE
Line 2,restriction endonuclease subunit s,FALSE
Line 2,ptra,FALSE
Line 2,ldcc,FALSE
Line 2,recf,FALSE
Line 2,asns,FALSE
Line 2,dnax,FALSE
Line 2,recr,FALSE
Line 2,tcyp,FALSE
Line 2,tora,FALSE
Line 2,ydbh family protein,FALSE
Line 2,yjem,FALSE
Line 2,yqia,FALSE
Line 2,acyltransferase,FALSE
Line 2,arca,FALSE
Line 2,bestrophin family protein,FALSE
Line 2,biof,FALSE
Line 2,citx,FALSE
Line 2,clsc,FALSE
Line 2,csir,FALSE
Line 2,cusa,FALSE
Line 2,cyob,FALSE
Line 2,dnak,FALSE
Line 2,duf4049 domain-containing protein,FALSE
Line 2,evgs,TRUE
Line 2,fadj,FALSE
Line 2,feob,FALSE
Line 2,fepd,FALSE
Line 2,fimbrial biogenesis outer membrane usher protein,FALSE
Line 2,fimbrial protein,FALSE
Line 2,flga,FALSE
Line 2,ggdef domain-containing protein,FALSE
Line 2,glgp,FALSE
Line 2,glpk,TRUE
Line 2,glpk,TRUE
Line 2,hofq,FALSE
Line 2,hyaa,FALSE
Line 2,hypothetical protein,FALSE
Line 2,hypothetical protein,FALSE
Line 2,hypothetical protein,FALSE
Line 2,infb,FALSE
Line 2,kdsb,FALSE
Line 2,lapb,FALSE
Line 2,lhgo,FALSE
Line 2,lptf,FALSE
Line 2,lysc,TRUE
Line 2,mcrb,FALSE
Line 2,mfs transporter,FALSE
Line 2,mfs transporter,FALSE
Line 2,mnmc,FALSE
Line 2,moba,FALSE
Line 2,molybdopterin-dependent oxidoreductase mo/fe-s-binding subunit,FALSE
Line 2,mrdb,FALSE
Line 2,nuog,FALSE
Line 2,ompg,FALSE
Line 2,poxb,FALSE
Line 2,purm,TRUE
Line 2,pyrd,FALSE
Line 2,recb,FALSE
Line 2,rfah,FALSE
Line 2,rhlb,FALSE
Line 2,rnb,FALSE
Line 2,rne,FALSE
Line 2,sbcc,FALSE
Line 2,shet2/espl2 family type iii secretion system effector toxin,FALSE
Line 2,tkt,FALSE
Line 2,tnab,FALSE
Line 2,tonb-dependent receptor,FALSE
Line 2,trpb,FALSE
Line 2,yaep family protein,FALSE
Line 2,ybgi,FALSE
Line 2,yjcs,FALSE
Line 2,cpsg,FALSE
Line 2,manb,FALSE
Line 2,manc,FALSE
Line 2,insb14/a14,FALSE
Line 2,wbbd,FALSE
Line 2,wbbc,FALSE
Line 2,wzy,FALSE
Line 2,wbbb,FALSE
Line 2,wbba,FALSE
Line 2,viob,FALSE
Line 2,vioa,FALSE
Line 2,wzx,FALSE
Line 2,rmlc,FALSE
Line 2,rfba,FALSE
Line 2,rfbd,FALSE
Line 2,rfbb,FALSE
Line 2,galf,FALSE
Line 2,wcam,FALSE
Line 2,wcal,FALSE
Line 2,wcak,FALSE
Line 2,wzxc,FALSE
Line 2,wcaj,FALSE
Line 2,cdd,FALSE
Line 2,yohk,FALSE
Line 3,mfs transporter,FALSE
Line 3,napa,FALSE
Line 3,protein serac1,FALSE
Line 3,dcrb,FALSE
Line 3,glutamate decarboxylase,FALSE
Line 3,baca,FALSE
Line 3,prov,FALSE
Line 3,lpxc,FALSE
Line 3,ecpb,FALSE
Line 3,lysozyme inhibitor lpri family protein,FALSE
Line 3,bepa,FALSE
Line 3,sufs,FALSE
Line 3,deob,FALSE
Line 3,btud,FALSE
Line 3,arsb,FALSE
Line 3,atos,TRUE
Line 3,srle,FALSE
Line 3,ag43,FALSE
Line 3,3-(3-hydroxy-phenyl)propionate transporter,FALSE
Line 3,abc transporter permease,FALSE
Line 3,abc transporter permease,FALSE
Line 3,acyl coa:acetate/3-ketoacid coa transferase,FALSE
Line 3,aded,FALSE
Line 3,alpha-2-macroglobulin family protein,FALSE
Line 3,alpha-2-macroglobulin family protein,FALSE
Line 3,alpha-2-macroglobulin family protein,FALSE
Line 3,anmk,TRUE
Line 3,apbc,FALSE
Line 3,argh,FALSE
Line 3,astd,FALSE
Line 3,atp-dependent helicase,FALSE
Line 3,atp-dependent helicase,FALSE
Line 3,bcr/cfla family multidrug efflux mfs transporter,FALSE
Line 3,clsc,FALSE
Line 3,cusr,FALSE
Line 3,dhal,FALSE
Line 3,diguanylate cyclase,FALSE
Line 3,duf4049 domain-containing protein,FALSE
Line 3,dusc,FALSE
Line 3,eutl,FALSE
Line 3,evgs,TRUE
Line 3,fad-nad(p)-binding protein,FALSE
Line 3,fimbria/pilus periplasmic chaperone,FALSE
Line 3,fumc,FALSE
Line 3,fusc family protein,FALSE
Line 3,fusc family protein,FALSE
Line 3,ggdef domain-containing protein,FALSE
Line 3,ggdef domain-containing protein,FALSE
Line 3,glutathione-dependent formaldehyde dehydrogenase,FALSE
Line 3,glycoside hydrolase family 10 protein,FALSE
Line 3,hlyc/corc family transporter,FALSE
Line 3,hyae,FALSE
Line 3,hypothetical protein,FALSE
Line 3,idnd,FALSE
Line 3,iscr,FALSE
Line 3,ketose-bisphosphate aldolase,FALSE
Line 3,lbetah domain-containing protein,FALSE
Line 3,ldte,FALSE
Line 3,lpxp,FALSE
Line 3,malq,FALSE
Line 3,melr,FALSE
Line 3,mfs transporter,FALSE
Line 3,mrda,FALSE
Line 3,murp,FALSE
Line 3,narw,FALSE
Line 3,otsa,FALSE
Line 3,otsa,FALSE
Line 3,phage baseplate assembly protein v,FALSE
Line 3,pncb,TRUE
Line 3,ppx,FALSE
Line 3,purl,TRUE
Line 3,puup,FALSE
Line 3,pykf,TRUE
Line 3,ribf,TRUE
Line 3,rsxd,FALSE
Line 3,sula,FALSE
Line 3,tcyp,FALSE
Line 3,trmd,FALSE
Line 3,tsx,FALSE
Line 3,wgr and duf4132 domain-containing protein,FALSE
Line 3,yebc/pmpr family dna-binding transcriptional regulator,FALSE
Line 3,yebt,FALSE
Line 3,yeca,FALSE
Line 3,yeej,FALSE
Line 3,ymdb,FALSE
Line 3,zinc-binding dehydrogenase,FALSE
Line 3,nadr,TRUE
Line 3,cpsg,FALSE
Line 3,manb,FALSE
Line 3,manc,FALSE
Line 3,insb14/a14,FALSE
Line 3,wbbd,FALSE
Line 3,wbbc,FALSE
Line 3,wzy,FALSE
Line 3,wbbb,FALSE
Line 3,wbba,FALSE
Line 3,viob,FALSE
Line 3,vioa,FALSE
Line 3,wzx,FALSE
Line 3,rmlc,FALSE
Line 3,rfba,FALSE
Line 3,rfbd,FALSE
Line 3,rfbb,FALSE
Line 3,galf,FALSE
Line 3,wcam,FALSE
Line 3,wcal,FALSE
Line 3,wcak,FALSE
Line 3,wzxc,FALSE
Line 3,wcaj,FALSE
Line 3,cdd,FALSE
Line 3,yohk,FALSE
Line 4,dmt family transporter,FALSE
Line 4,yeag,TRUE
Line 4,cynt,FALSE
Line 4,bcsq,FALSE
Line 4,rlpa,FALSE
Line 4,tdcc,FALSE
Line 4,hyfr,FALSE
Line 4,ggdef domain-containing protein,FALSE
Line 4,deor/glpr transcriptional regulator,FALSE
Line 4,glta,FALSE
Line 4,meth,FALSE
Line 4,potf,FALSE
Line 4,holc,FALSE
Line 4,prpb,FALSE
Line 4,ychf,TRUE
Line 4,mhpr,FALSE
Line 4,hypothetical protein,FALSE
Line 4,odhb,FALSE
Line 4,rect,FALSE
Line 4,abc-f family atpase,FALSE
Line 4,mcrb,FALSE
Line 4,patatin family protein,FALSE
Line 4,sulfatase-like hydrolase/transferase,FALSE
Line 4,lipocalin family protein,FALSE
Line 4,mukb,FALSE
Line 4,sdr family oxidoreductase,FALSE
Line 4,seta,FALSE
Line 4,phage tail sheath protein,FALSE
Line 4,slty,FALSE
Line 4,dnac,FALSE
Line 4,lamb,FALSE
Line 4,autotransporter outer membrane beta-barrel domain-containing protein,FALSE
Line 4,fecb,FALSE
Line 4,garp,FALSE
Line 4,mrcb,FALSE
Line 4,ilvn,FALSE
Line 4,type b 50s ribosomal protein l31,FALSE
Line 4,zape,FALSE
Line 4,duf2755 family protein,FALSE
Line 4,ribd,FALSE
Line 4,yjdn,FALSE
Line 4,is1 family transposase,FALSE
Line 4,isph,FALSE
Line 4,acrd,FALSE
Line 4,carb,TRUE
Line 4,msck,FALSE
Line 4,oppa,FALSE
Line 4,diguanylate cyclase,FALSE
Line 4,cmob,FALSE
Line 4,deoc,FALSE
Line 4,entf,TRUE
Line 4,dedd,FALSE
Line 4,asps,TRUE
Line 4,autotransporter outer membrane beta-barrel domain-containing protein,FALSE
Line 4,dcd,FALSE
Line 4,melb,FALSE
Line 4,nuoc,FALSE
Line 4,recc,FALSE
Line 4,serine dehydratase subunit alpha family protein,FALSE
Line 4,nuof,FALSE
Line 4,pts fructose-like transporter subunit iib,FALSE
Line 4,rhodanese-related sulfurtransferase,FALSE
Line 4,dinf,FALSE
Line 4,mure,TRUE
Line 4,nlpe,FALSE
Line 4,nrff,FALSE
Line 4,tyrs,TRUE
Line 4,ecpe,FALSE
Line 4,nrfa,FALSE
Line 4,nuof,FALSE
Line 4,pepa,FALSE
Line 4,yeee,FALSE
Line 4,menc,FALSE
Line 4,2-hydroxyacyl-coa dehydratase subunit d,FALSE
Line 4,4fe-4s dicluster domain-containing protein,FALSE
Line 4,abc transporter atp-binding protein/permease,FALSE
Line 4,abc transporter substrate-binding protein,FALSE
Line 4,abc transporter substrate-binding protein,FALSE
Line 4,acna,FALSE
Line 4,acrd,FALSE
Line 4,acyltransferase,FALSE
Line 4,adhe,FALSE
Line 4,adia,FALSE
Line 4,aes,FALSE
Line 4,ag43,FALSE
Line 4,ail/lom family outer membrane beta-barrel protein,FALSE
Line 4,alpha-2-macroglobulin family protein,FALSE
Line 4,alr,FALSE
Line 4,amino acid abc transporter substrate-binding protein,FALSE
Line 4,amino acid permease,FALSE
Line 4,appa,FALSE
Line 4,arfb,FALSE
Line 4,arna,FALSE
Line 4,bama,FALSE
Line 4,bara,TRUE
Line 4,bifunctional alpha/beta hydrolase/class i sam-dependent methyltransferase,FALSE
Line 4,bifunctional alpha/beta hydrolase/class i sam-dependent methyltransferase,FALSE
Line 4,capsule biosynthesis gfcc family protein,FALSE
Line 4,citt,FALSE
Line 4,cyob,FALSE
Line 4,dcua,FALSE
Line 4,deaminated glutathione amidase,FALSE
Line 4,deob,FALSE
Line 4,dmsd,FALSE
Line 4,dosp,FALSE
Line 4,dpal,FALSE
Line 4,duf1116 domain-containing protein,FALSE
Line 4,duf1449 family protein,FALSE
Line 4,duf418 family protein,FALSE
Line 4,duf898 domain-containing protein,FALSE
Line 4,dxs,FALSE
Line 4,enoyl-coa hydratase/isomerase family protein,FALSE
Line 4,eutg,FALSE
Line 4,eutr,FALSE
Line 4,fdec,FALSE
Line 4,fimbrial protein,FALSE
Line 4,fimc,FALSE
Line 4,fnr,FALSE
Line 4,folc,TRUE
Line 4,folm,FALSE
Line 4,folp,FALSE
Line 4,frlb,FALSE
Line 4,frld,TRUE
Line 4,ftsk,FALSE
Line 4,fusa,FALSE
Line 4,glne,TRUE
Line 4,gltb,FALSE
Line 4,gspd,FALSE
Line 4,gtp pyrophosphokinase,FALSE
Line 4,guac,FALSE
Line 4,hcar,FALSE
Line 4,hisa,FALSE
Line 4,hisp,FALSE
Line 4,hlyc/corc family transporter,FALSE
Line 4,hpab,FALSE
Line 4,hpad,FALSE
Line 4,hpar,FALSE
Line 4,hprs,TRUE
Line 4,hypothetical protein,FALSE
Line 4,hypothetical protein,FALSE
Line 4,hypothetical protein,FALSE
Line 4,hypothetical protein,FALSE
Line 4,hypothetical protein,FALSE
Line 4,hypothetical protein,FALSE
Line 4,hypothetical protein,FALSE
Line 4,is3 family transposase,FALSE
Line 4,isovaleryl-coa dehydrogenase,FALSE
Line 4,katg,FALSE
Line 4,kdgr,FALSE
Line 4,lamb,FALSE
Line 4,ldha,FALSE
Line 4,leua,FALSE
Line 4,lyss,TRUE
Line 4,mlaa,FALSE
Line 4,mlaf,FALSE
Line 4,mpl,TRUE
Line 4,mrda,FALSE
Line 4,msra,FALSE
Line 4,multidrug efflux rnd transporter permease subunit,FALSE
Line 4,murp,FALSE
Line 4,nad(p)-dependent oxidoreductase,FALSE
Line 4,nuog,FALSE
Line 4,osme,FALSE
Line 4,osmf,FALSE
Line 4,pane,FALSE
Line 4,paod,FALSE
Line 4,pdeb,FALSE
Line 4,pdxj,FALSE
Line 4,pepa,FALSE
Line 4,pgpa,FALSE
Line 4,phage late control d family protein,FALSE
Line 4,phnk,FALSE
Line 4,phnk,FALSE
Line 4,phoa,FALSE
Line 4,porin,FALSE
Line 4,ppid,FALSE
Line 4,ppsa,TRUE
Line 4,prepilin peptidase-dependent protein,FALSE
Line 4,prophage tail fiber n-terminal domain-containingprotein,FALSE
Line 4,pseudouridine kinase,FALSE
Line 4,purl,TRUE
Line 4,purm,TRUE
Line 4,pykf,TRUE
Line 4,rida family protein,FALSE
Line 4,rne,FALSE
Line 4,rpsd,FALSE
Line 4,rutr,FALSE
Line 4,serc,FALSE
Line 4,sgrr,FALSE
Line 4,sh3 domain-containing protein,FALSE
Line 4,shet2/espl2 family type iii secretion system effector toxin,FALSE
Line 4,speb,FALSE
Line 4,spee,FALSE
Line 4,sufb,FALSE
Line 4,taua,FALSE
Line 4,thim,TRUE
Line 4,thrs,TRUE
Line 4,tonb-dependent receptor,FALSE
Line 4,tonb-dependent receptor plug domain-containing protein,FALSE
Line 4,tyna,FALSE
Line 4,upf0104 family protein,FALSE
Line 4,uraa,FALSE
Line 4,wgr domain-containing protein,FALSE
Line 4,xtha,FALSE
Line 4,yajq,FALSE
Line 4,yebt,FALSE
Line 4,ygey family selenium metabolism-linked hydrolase,FALSE
Line 4,yhdp,FALSE
Line 4,cpsg,FALSE
Line 4,manb,FALSE
Line 4,manc,FALSE
Line 4,insb14/a14,FALSE
Line 4,wbbd,FALSE
Line 4,wbbc,FALSE
Line 4,wzy,FALSE
Line 4,wbbb,FALSE
Line 4,wbba,FALSE
Line 4,viob,FALSE
Line 4,vioa,FALSE
Line 4,wzx,FALSE
Line 4,rmlc,FALSE
Line 4,rfba,FALSE
Line 4,rfbd,FALSE
Line 4,rfbb,FALSE
Line 4,galf,FALSE
Line 4,wcam,FALSE
Line 4,wcal,FALSE
Line 4,wcak,FALSE
Line 4,wzxc,FALSE
Line 4,wcaj,FALSE
Line 4,cdd,FALSE
Line 4,yohk,FALSE
Line 5,prepilin peptidase-dependent protein,FALSE
Line 5,ansp,FALSE
Line 5,deob,FALSE
Line 5,ybha,FALSE
Line 5,wgr and duf4132 domain-containing protein,FALSE
Line 5,fimbrial biogenesis outer membrane usher protein,FALSE
Line 5,abc transporter permease,FALSE
Line 5,abrb family transcriptional regulator,FALSE
Line 5,add,FALSE
Line 5,ag43,FALSE
Line 5,argh,FALSE
Line 5,blc,FALSE
Line 5,btue,FALSE
Line 5,class i sam-dependent methyltransferase,FALSE
Line 5,cmoa,FALSE
Line 5,diguanylate cyclase,FALSE
Line 5,duf2300 domain-containing protein,FALSE
Line 5,duf4049 domain-containing protein,FALSE
Line 5,duf4132 domain-containing protein,FALSE
Line 5,duf441 domain-containing protein,FALSE
Line 5,evgs,TRUE
Line 5,flge,FALSE
Line 5,flha,FALSE
Line 5,gsid,FALSE
Line 5,hcxa,FALSE
Line 5,hyae,FALSE
Line 5,hypothetical protein,FALSE
Line 5,ion channel protein,FALSE
Line 5,ispe,TRUE
Line 5,kef family k(+) transporter,FALSE
Line 5,leus,TRUE
Line 5,lpxk,TRUE
Line 5,lysozyme inhibitor lpri family protein,FALSE
Line 5,maca,FALSE
Line 5,macb,FALSE
Line 5,maop,FALSE
Line 5,mdtb,FALSE
Line 5,mfs transporter,FALSE
Line 5,modc,FALSE
Line 5,nicotinamide mononucleotide deamidase-related protein yfay,FALSE
Line 5,pabb,FALSE
Line 5,plsx,FALSE
Line 5,potf,FALSE
Line 5,prophage tail fiber n-terminal domain-containingprotein,FALSE
Line 5,recf,FALSE
Line 5,recj,FALSE
Line 5,rhs repeat-associated core domain-containing protein,FALSE
Line 5,ribf,TRUE
Line 5,rne,FALSE
Line 5,rsxd,FALSE
Line 5,rusa family crossover junction endodeoxyribonuclease,FALSE
Line 5,sbcb,FALSE
Line 5,sdr family oxidoreductase,FALSE
Line 5,setb,FALSE
Line 5,sodb,FALSE
Line 5,sufs,FALSE
Line 5,tcyp,FALSE
Line 5,tetr family transcriptional regulator,FALSE
Line 5,thil,TRUE
Line 5,tolq,FALSE
Line 5,yhev family putative metal-binding protein,FALSE
Line 5,zinc-binding dehydrogenase,FALSE
Line 5,fimbrial protein,FALSE
Line 5,qsec,TRUE
Line 5,fimbrial protein,FALSE
Line 5,cpsg,FALSE
Line 5,manb,FALSE
Line 5,manc,FALSE
Line 5,insb14/a14,FALSE
Line 5,wbbd,FALSE
Line 5,wbbc,FALSE
Line 5,wzy,FALSE
Line 5,wbbb,FALSE
Line 5,wbba,FALSE
Line 5,viob,FALSE
Line 5,vioa,FALSE
Line 5,wzx,FALSE
Line 5,rmlc,FALSE
Line 5,rfba,FALSE
Line 5,rfbd,FALSE
Line 5,rfbb,FALSE
Line 5,galf,FALSE
Line 5,wcam,FALSE
Line 5,wcal,FALSE
Line 5,wcak,FALSE
Line 5,wzxc,FALSE
Line 5,wcaj,FALSE
Line 5,cdd,FALSE
Line 5,yohk,FALSE
Line 6,held,FALSE
Line 6,hypothetical protein,FALSE
Line 6,flha,FALSE
Line 6,hipa,FALSE
Line 6,dimethyl sulfoxide reductase subunit a,FALSE
Line 6,amino acid permease,FALSE
Line 6,bifunctional 3-(3-hydroxy-phenyl)propionate/3-hydroxycinnamic acid hydroxylase,FALSE
Line 6,ycbx,FALSE
Line 6,infb,FALSE
Line 6,pbga,FALSE
Line 6,dmlr,FALSE
Line 6,hypothetical protein,FALSE
Line 6,purm,TRUE
Line 6,phoq,TRUE
Line 6,copd,FALSE
Line 6,speb,FALSE
Line 6,apt,FALSE
Line 6,deob,FALSE
Line 6,duf1998 domain-containing protein,FALSE
Line 6,duf2625 domain-containing protein,FALSE
Line 6,emta,FALSE
Line 6,fimbrial biogenesis outer membrane usher protein,FALSE
Line 6,flavin reductase family protein,FALSE
Line 6,flda,FALSE
Line 6,fre,FALSE
Line 6,gcl,FALSE
Line 6,glycine zipper 2tm domain-containing protein,FALSE
Line 6,gspe,FALSE
Line 6,hypf,TRUE
Line 6,mdth,FALSE
Line 6,n-acetyltransferase,FALSE
Line 6,nuon,FALSE
Line 6,paob,FALSE
Line 6,pepp,FALSE
Line 6,pppa,FALSE
Line 6,ppsa,TRUE
Line 6,prob,TRUE
Line 6,recj,FALSE
Line 6,replication endonuclease,FALSE
Line 6,rpon,FALSE
Line 6,tetratricopeptide repeat-containing protein,FALSE
Line 6,thrs,TRUE
Line 6,viob,FALSE
Line 6,ydil family protein,FALSE
Line 6,cdd,FALSE
Line 6,yohk,FALSE
Line 7,phoa,FALSE
Line 7,is3-like element isecb1 family transposase,FALSE
Line 7,hypothetical protein,FALSE
Line 7,deob,FALSE
Line 7,cysp,FALSE
Line 7,evgs,TRUE
Line 7,rfbb,FALSE
Line 7,ppib,FALSE
Line 7,ankyrin repeat domain-containing protein,FALSE
Line 7,pdxk,TRUE
Line 7,phnj,FALSE
Line 7,blaec,FALSE
Line 7,feci,FALSE
Line 7,ftr1 family protein,FALSE
Line 7,nnr,FALSE
Line 7,isas1 family transposase,FALSE
Line 7,rnb,FALSE
Line 7,sapa,FALSE
Line 7,4fe-4s binding protein,FALSE
Line 7,aas,FALSE
Line 7,abc transporter permease,FALSE
Line 7,abc transporter permease,FALSE
Line 7,abc transporter permease,FALSE
Line 7,aldehyde ferredoxin oxidoreductase,FALSE
Line 7,alkb,FALSE
Line 7,alle,FALSE
Line 7,allr,FALSE
Line 7,alls,FALSE
Line 7,alpha-2-macroglobulin family protein,FALSE
Line 7,amph,FALSE
Line 7,amph,FALSE
Line 7,amtb,FALSE
Line 7,anion permease,FALSE
Line 7,anion transporter,FALSE
Line 7,anmk,TRUE
Line 7,apbe,FALSE
Line 7,appa,FALSE
Line 7,aspartate:alanine antiporter,FALSE
Line 7,baseplate assembly protein,FALSE
Line 7,bglj,FALSE
Line 7,bifunctional 3-(3-hydroxy-phenyl)propionate/3-hydroxycinnamic acid hydroxylase,FALSE
Line 7,blaec,FALSE
Line 7,bola,FALSE
Line 7,citc,TRUE
Line 7,citc,TRUE
Line 7,citf,FALSE
Line 7,citg,TRUE
Line 7,clsb,FALSE
Line 7,coda,FALSE
Line 7,comec family protein,FALSE
Line 7,cpdb,FALSE
Line 7,cpsb,FALSE
Line 7,cpsg,FALSE
Line 7,csta,FALSE
Line 7,csta,FALSE
Line 7,cuer,FALSE
Line 7,cyob,FALSE
Line 7,dacd,FALSE
Line 7,deor,FALSE
Line 7,deor,FALSE
Line 7,dinb,FALSE
Line 7,ding,FALSE
Line 7,dmpg,FALSE
Line 7,dmsb,FALSE
Line 7,dmsc,FALSE
Line 7,dnae,FALSE
Line 7,dnax,FALSE
Line 7,dpib,TRUE
Line 7,dpib,TRUE
Line 7,duf1116 domain-containing protein,FALSE
Line 7,duf1456 family protein,FALSE
Line 7,duf2754 domain-containing protein,FALSE
Line 7,duf2773 domain-containing protein,FALSE
Line 7,duf2799 domain-containing protein,FALSE
Line 7,duf418 family protein,FALSE
Line 7,dxs,FALSE
Line 7,eal domain-containing protein,FALSE
Line 7,eal domain-containing protein,FALSE
Line 7,eal domain-containing protein,FALSE
Line 7,electron transfer flavoprotein subunit alpha/fixb family protein,FALSE
Line 7,elyc,FALSE
Line 7,emrb,FALSE
Line 7,endonuclease/exonuclease/phosphatase family protein,FALSE
Line 7,entb,TRUE
Line 7,entf,TRUE
Line 7,exox,FALSE
Line 7,fad-binding protein,FALSE
Line 7,fcl,FALSE
Line 7,fecb,FALSE
Line 7,fepa,FALSE
Line 7,fepd,FALSE
Line 7,fhub,FALSE
Line 7,fimbrial biogenesis outer membrane usher protein,FALSE
Line 7,fimbrial biogenesis usher protein,FALSE
Line 7,fimbrial biogenesis usher protein,FALSE
Line 7,fimbrial protein,FALSE
Line 7,fimh,FALSE
Line 7,fkpb,FALSE
Line 7,flgj,FALSE
Line 7,fola,FALSE
Line 7,frma,FALSE
Line 7,fuci,FALSE
Line 7,fuci,FALSE
Line 7,gadx,FALSE
Line 7,galt,FALSE
Line 7,gfo/idh/moca family oxidoreductase,FALSE
Line 7,glpk,TRUE
Line 7,glutathione-dependent formaldehyde dehydrogenase,FALSE
Line 7,glxk,TRUE
Line 7,gntp family transporter,FALSE
Line 7,gntr family transcriptional regulator,FALSE
Line 7,gpma,FALSE
Line 7,gsic,FALSE
Line 7,gsic,FALSE
Line 7,guad,FALSE
Line 7,hcp,FALSE
Line 7,hisq,FALSE
Line 7,hoke,FALSE
Line 7,hsca,TRUE
Line 7,htpg,FALSE
Line 7,hyfa,FALSE
Line 7,hyfr,FALSE
Line 7,hypothetical protein,FALSE
Line 7,hypothetical protein,FALSE
Line 7,hypothetical protein,FALSE
Line 7,hypothetical protein,FALSE
Line 7,hypothetical protein,FALSE
Line 7,hypothetical protein,FALSE
Line 7,iap,FALSE
Line 7,kef family k(+) transporter,FALSE
Line 7,kgtp,FALSE
Line 7,ldha,FALSE
Line 7,ldtd,FALSE
Line 7,lepa,FALSE
Line 7,leus,TRUE
Line 7,lgod,FALSE
Line 7,lysb family phage lysis regulatory protein,FALSE
Line 7,malz,FALSE
Line 7,mannitol dehydrogenase family protein,FALSE
Line 7,matp,FALSE
Line 7,mdtf,FALSE
Line 7,meti,FALSE
Line 7,metn,FALSE
Line 7,mfs transporter,FALSE
Line 7,mfs transporter,FALSE
Line 7,miab,FALSE
Line 7,minc,FALSE
Line 7,mltd,FALSE
Line 7,mnts,FALSE
Line 7,moae,FALSE
Line 7,modb,FALSE
Line 7,modf,FALSE
Line 7,moea,FALSE
Line 7,molecular chaperone,FALSE
Line 7,msck,FALSE
Line 7,multidrug efflux rnd transporter permease subunit,FALSE
Line 7,multidrug efflux rnd transporter permease subunit,FALSE
Line 7,multidrug efflux rnd transporter permease subunit,FALSE
Line 7,nad(p)-dependent oxidoreductase,FALSE
Line 7,nade,TRUE
Line 7,naga,FALSE
Line 7,naga,FALSE
Line 7,nagc,FALSE
Line 7,nagd,FALSE
Line 7,nage,FALSE
Line 7,nage,FALSE
Line 7,nank,TRUE
Line 7,neutral zinc metallopeptidase,FALSE
Line 7,nitrate reductase subunit alpha,FALSE
Line 7,odhb,FALSE
Line 7,odhb,FALSE
Line 7,opge,FALSE
Line 7,paoc,FALSE
Line 7,parc,FALSE
Line 7,pcnb,FALSE
Line 7,pdef,FALSE
Line 7,pdxj,FALSE
Line 7,pepn,FALSE
Line 7,pflb,FALSE
Line 7,phage holin family protein,FALSE
Line 7,phage major tail tube protein,FALSE
Line 7,phage portal protein,FALSE
Line 7,phage tail protein,FALSE
Line 7,phage tail protein,FALSE
Line 7,phnm,FALSE
Line 7,phoh family protein,FALSE
Line 7,pote,FALSE
Line 7,pqib,FALSE
Line 7,prc,FALSE
Line 7,prc,FALSE
Line 7,prophage tail fiber n-terminal domain-containingprotein,FALSE
Line 7,protein serac1,FALSE
Line 7,prpc,FALSE
Line 7,prpc,FALSE
Line 7,prpd,FALSE
Line 7,ptra,FALSE
Line 7,pts sugar transporter subunit iia,FALSE
Line 7,ptsp,FALSE
Line 7,purc,TRUE
Line 7,purk,TRUE
Line 7,putative acyl-coa thioester hydrolase,FALSE
Line 7,putative frv operon regulatory protein,FALSE
Line 7,pyrh,TRUE
Line 7,rayt,FALSE
Line 7,recb,FALSE
Line 7,recc,FALSE
Line 7,reco,FALSE
Line 7,replication endonuclease,FALSE
Line 7,replication endonuclease,FALSE
Line 7,replication endonuclease,FALSE
Line 7,rhomboid family intramembrane serine protease,FALSE
Line 7,rhs repeat-associated core domain-containing protein,FALSE
Line 7,rimk,TRUE
Line 7,rlmi,FALSE
Line 7,rlmi,FALSE
Line 7,rlpa,FALSE
Line 7,rlpa,FALSE
Line 7,rpe,FALSE
Line 7,rpsj,FALSE
Line 7,rrrd,FALSE
Line 7,rspa,FALSE
Line 7,rsxc,FALSE
Line 7,rzod,FALSE
Line 7,sdr family oxidoreductase,FALSE
Line 7,sdr family oxidoreductase,FALSE
Line 7,site-specific integrase,FALSE
Line 7,smda family multidrug abc transporter permease/atp-binding protein,FALSE
Line 7,smdb family multidrug efflux abc transporter permease/atp-binding protein,FALSE
Line 7,sppa,FALSE
Line 7,ssle,FALSE
Line 7,sulfatase-like hydrolase/transferase,FALSE
Line 7,tag,FALSE
Line 7,terminase atpase subunit family protein,FALSE
Line 7,tolb,FALSE
Line 7,tolc,FALSE
Line 7,torc,FALSE
Line 7,tqsa,FALSE
Line 7,trpcf,FALSE
Line 7,tsx,FALSE
Line 7,tsx,FALSE
Line 7,tyrosine-type recombinase/integrase,FALSE
Line 7,usha,FALSE
Line 7,uvrb,FALSE
Line 7,virk/ybjx family protein,FALSE
Line 7,wcae,FALSE
Line 7,wza,FALSE
Line 7,yahk,FALSE
Line 7,ybak,FALSE
Line 7,ybgs-like family protein,FALSE
Line 7,ybib,FALSE
Line 7,ybii,FALSE
Line 7,yccx,FALSE
Line 7,ycdy,FALSE
Line 7,ycei family protein,FALSE
Line 7,yche,FALSE
Line 7,ydep,FALSE
Line 7,yegi,FALSE
Line 7,yejf,FALSE
Line 7,yfal,FALSE
Line 7,yfap family protein,FALSE
Line 7,yjej family protein,FALSE
Line 7,zinc ribbon-containing protein,FALSE
Line 7,zinc-binding dehydrogenase,FALSE
Line 7,purd,TRUE
Line 7,cpsg,FALSE
Line 7,manb,FALSE
Line 7,manc,FALSE
Line 7,insb14/a14,FALSE
Line 7,wbbd,FALSE
Line 7,wbbc,FALSE
Line 7,wzy,FALSE
Line 7,wbbb,FALSE
Line 7,wbba,FALSE
Line 7,viob,FALSE
Line 7,vioa,FALSE
Line 7,wzx,FALSE
Line 7,rmlc,FALSE
Line 7,rfba,FALSE
Line 7,rfbd,FALSE
Line 7,rfbb,FALSE
Line 7,galf,FALSE
Line 7,wcam,FALSE
Line 7,wcal,FALSE
Line 7,wcak,FALSE
Line 7,wzxc,FALSE
Line 7,wcaj,FALSE
Line 9,alsk,TRUE
Line 9,puta,FALSE
Line 9,phosphoethanolamine transferase cpta,FALSE
Line 9,phosphoethanolamine transferase,FALSE
Line 9,nika,FALSE
Line 9,psie,FALSE
Line 9,ycce family protein,FALSE
Line 9,fimbrial protein,FALSE
Line 9,pgmb,FALSE
Line 9,adra,FALSE
Line 9,alsk,TRUE
Line 9,hlde,TRUE
Line 9,cysw,FALSE
Line 9,epd,FALSE
Line 9,ygfz,FALSE
Line 9,n-acetylmannosamine-6-phosphate 2-epimerase,FALSE
Line 9,secy,FALSE
Line 9,9-o-acetyl-n-acetylneuraminic acid deacetylase,FALSE
Line 9,acef,FALSE
Line 9,ampg,FALSE
Line 9,arac family transcriptional regulator,FALSE
Line 9,arof,FALSE
Line 9,asps,TRUE
Line 9,astd,FALSE
Line 9,autotransporter outer membrane beta-barrel domain-containing protein,FALSE
Line 9,bifunctional 3-demethylubiquinone 3-o-methyltransferase/2-octaprenyl-6-hydroxy phenol methylase,FALSE
Line 9,biop,FALSE
Line 9,chac,FALSE
Line 9,cpdb,FALSE
Line 9,cysj,FALSE
Line 9,daca,FALSE
Line 9,degq,FALSE
Line 9,deob,FALSE
Line 9,dkga,FALSE
Line 9,dld,FALSE
Line 9,dppa,FALSE
Line 9,dsbd,FALSE
Line 9,dtpc,FALSE
Line 9,duf2625 domain-containing protein,FALSE
Line 9,duf441 domain-containing protein,FALSE
Line 9,eutg,FALSE
Line 9,eutl,FALSE
Line 9,feca,FALSE
Line 9,fecb,FALSE
Line 9,fggy-family carbohydrate kinase,FALSE
Line 9,fimbrial biogenesis outer membrane usher protein,FALSE
Line 9,flgi,FALSE
Line 9,flotillin family protein,FALSE
Line 9,frda,FALSE
Line 9,gard,FALSE
Line 9,ggdef domain-containing protein,FALSE
Line 9,ghxq,FALSE
Line 9,glgp,FALSE
Line 9,gltp,FALSE
Line 9,gpr,FALSE
Line 9,gspe,FALSE
Line 9,gspk,FALSE
Line 9,guac,FALSE
Line 9,hemw,FALSE
Line 9,hold,FALSE
Line 9,hupa,FALSE
Line 9,hyca,FALSE
Line 9,hyfb,FALSE
Line 9,hypothetical protein,FALSE
Line 9,hypothetical protein,FALSE
Line 9,hypothetical protein,FALSE
Line 9,insulinase family protein,FALSE
Line 9,integrase arm-type dna-binding domain-containingprotein,FALSE
Line 9,ipra,FALSE
Line 9,kdpa,FALSE
Line 9,ldtd,FALSE
Line 9,lgt,FALSE
Line 9,lptd,FALSE
Line 9,lspa,FALSE
Line 9,lysr family transcriptional regulator,FALSE
Line 9,lyxk,TRUE
Line 9,maeb,FALSE
Line 9,malt,FALSE
Line 9,mdoh,FALSE
Line 9,mdtb,FALSE
Line 9,molybdopterin-dependent oxidoreductase mo/fe-s-binding subunit,FALSE
Line 9,mutl,FALSE
Line 9,mutl,FALSE
Line 9,nike,FALSE
Line 9,nnr,FALSE
Line 9,otsb,FALSE
Line 9,paod,FALSE
Line 9,parc,FALSE
Line 9,pdef,FALSE
Line 9,pdxb,FALSE
Line 9,phosphoethanolamine transferase,FALSE
Line 9,plp-dependent aminotransferase family protein,FALSE
Line 9,pnp,FALSE
Line 9,prfa,FALSE
Line 9,prop,FALSE
Line 9,pta,FALSE
Line 9,purc,TRUE
Line 9,recj,FALSE
Line 9,reco,FALSE
Line 9,recq,FALSE
Line 9,rimk,TRUE
Line 9,rsga,FALSE
Line 9,rsxg,FALSE
Line 9,scpa,FALSE
Line 9,seca,FALSE
Line 9,sel1-like repeat protein,FALSE
Line 9,serine dehydratase subunit alpha family protein,FALSE
Line 9,spea,FALSE
Line 9,spea,FALSE
Line 9,srld,FALSE
Line 9,sufd,FALSE
Line 9,thib,FALSE
Line 9,thip,FALSE
Line 9,thymidylate kinase,FALSE
Line 9,tigr01777 family oxidoreductase,FALSE
Line 9,tonb-dependent receptor,FALSE
Line 9,torz,FALSE
Line 9,trmj,FALSE
Line 9,tsr,FALSE
Line 9,type iv pilus twitching motility protein pilt,FALSE
Line 9,ubih,FALSE
Line 9,ybdd/yjix family protein,FALSE
Line 9,ychh,FALSE
Line 9,yejo,FALSE
Line 9,ygiw,FALSE
Line 9,ygjg,FALSE
Line 9,ygjk,FALSE
Line 9,yhch/yjgk/yial family protein,FALSE
Line 9,yhdp,FALSE
Line 9,yrbl,FALSE
Line 9,manc,FALSE
Line 9,insb14/a14,FALSE
Line 9,wbbd,FALSE
Line 9,wbbc,FALSE
Line 9,wzy,FALSE
Line 9,wbbb,FALSE
Line 9,wbba,FALSE
Line 9,viob,FALSE
Line 9,vioa,FALSE
Line 9,wzx,FALSE
Line 9,rmlc,FALSE
Line 9,rfba,FALSE
Line 9,rfbd,FALSE
Line 9,rfbb,FALSE
Line 9,galf,FALSE
Line 9,wcam,FALSE
Line 9,wcal,FALSE
Line 9,wcak,FALSE
Line 9,wzxc,FALSE
Line 9,wcaj,FALSE
Line 9,cdd,FALSE
Line 9,yohk,FALSE
Line 9 ,cpsg,FALSE
Line 9 ,manb,FALSE